"Заголовок","nomer_fonda","nomer_opisi","nomer_dela","document_type","document_id","last_name","first_name","middle_name","date_birth","place_birth","date_death","rank","warunit","cause_of_death","primary_burial","current_burial","conscription_location","primary_url","notes","Дата"
"","58","18003","1082","obd_memorial","10342066","Рубан","Лука","Никитович","__.__.1903","Украинская ССР, Днепропетровская обл., г. Днепропетровск","28.02.1942","красноармеец","","погиб","Крымская АССР, выс. 66,3","","Днепропетровский ГВК, Украинская ССР, Днепропетровская обл., г. Днепропетровск","https://obd-memorial.ru/html/info.htm?id=10342066","",""
"","Отдел по Волховскому и Киришскому районам","","10000947","obd_memorial","1155934094","Панов","Василий","Иванович","","Ленинградская обл., Волховский р-н, д. Плеханова","14.03.1942","красноармеец","24 тп","убит","Крымская АССР, выс. 66,3, восточный скат","","","https://obd-memorial.ru/html/info.htm?id=1155934094","[ВНИМАНИЕ] Отсутствуют: Архивные реквизиты (не является ошибкой)",""
"","Отдел по Волховскому и Киришскому районам","","10000953","obd_memorial","1155958591","Панов","Василий","Иванович","","Ленинградская обл., Плехановский с/с, д. Плеханово","14.03.1942","","24 тп","убит","Крымская АССР, выс. 66,3, восточный скат","","","https://obd-memorial.ru/html/info.htm?id=1155958591","[ВНИМАНИЕ] Отсутствуют: Архивные реквизиты (не является ошибкой)",""
"","Отдел ВК по г. Нальчик","","11008035","obd_memorial","1161922199","Москаленко","Евгений","Сергеевич","__.__.1917","Кабардино-Балкарская АССР, г. Нальчик","09.04.1942","ст. сержант","","погиб","Крымская АССР, выс. 66,3","","","https://obd-memorial.ru/html/info.htm?id=1161922199","[ВНИМАНИЕ] Отсутствуют: Архивные реквизиты (не является ошибкой)",""
"","Отдел ВК по г. Владикавказ","","11100028","obd_memorial","1162104417","Зеленский","Сергей","Михайлович","__.__.1897","Северо-Осетинская АССР, г. Орджоникидзе","29.04.1942","красноармеец","","погиб","Крымская АССР, выс. 66,3","","","https://obd-memorial.ru/html/info.htm?id=1162104417","[ВНИМАНИЕ] Отсутствуют: Архивные реквизиты (не является ошибкой)",""
"","58","818883","1304","obd_memorial","51061568","Пилипенко","Иван","Федорович","__.__.1923","Краснодарский край, г. Сочи","27.02.1942","мл. лейтенант","404 сд","убит","Крымская АССР, выс. 66,3","","Сочинский ГВК, Краснодарский край, г. Сочи","https://obd-memorial.ru/html/info.htm?id=51061568","",""
"","58","818883","1304","obd_memorial","51061569","Аверин","Анатолий","Васильевич","__.__.1919","Рязанская обл., Милославский р-н, с/с Козначеевский","27.02.1942","лейтенант","404 сд","убит","Крымская АССР, выс. 66,3","","Милославский РВК, Рязанская обл., Милославский р-н","https://obd-memorial.ru/html/info.htm?id=51061569","",""
"","58","818883","1304","obd_memorial","51061570","Мурадов","Сергей","Аристакович","__.__.1914","Азербайджанская ССР, г. Кировабад","27.02.1942","ст. сержант","404 сд","убит","Крымская АССР, выс. 66,3","","Бакинский ГВК, Азербайджанская ССР, г. Баку","https://obd-memorial.ru/html/info.htm?id=51061570","",""
"","58","818883","1304","obd_memorial","51061571","Кузьмин","Николай","Яковлевич","__.__.1923","Азербайджанская ССР, Кедабекский р-н","27.02.1942","б/зв.","404 сд","убит","Крымская АССР, выс. 66,3","","Кедабекский РВК, Азербайджанская ССР, Кедабекский р-н","https://obd-memorial.ru/html/info.htm?id=51061571","",""
"","58","818883","1304","obd_memorial","51061572","Гринь","Александр","Георгиевич","__.__.1910","Минская обл., Плещенский р-н","27.02.1942","политрук","404 сд","убит","Крымская АССР, выс. 66,3","","Паричский РВК, Белорусская ССР, Полесская обл., Паричский р-н","https://obd-memorial.ru/html/info.htm?id=51061572","",""
"","58","818883","1634","obd_memorial","51200135","Бароздин","Иван","Иванович","","","13.03.1942","красноармеец","СКФ 958 ап 398 сд","убит","Крымская АССР, выс. 28,2","","","https://obd-memorial.ru/html/info.htm?id=51200135","",""
"","58","818883","1634","obd_memorial","51200140","Гейдеров","Эмисот","","","","20.03.1942","красноармеец","СКФ 958 ап 398 сд","убит","Крымская АССР, Ленинский р-н, с. Корпечь","","","https://obd-memorial.ru/html/info.htm?id=51200140","",""
"","58","818883","1634","obd_memorial","51200141","Орешкин","Иван","Васильевич","","","20.03.1942","сержант","СКФ 958 ап 398 сд","убит","Крымская АССР, Ленинский р-н, с. Корпечь","","","https://obd-memorial.ru/html/info.htm?id=51200141","",""
"","58","818883","1634","obd_memorial","51200143","Храмов","Иван","Васильевич","","","08.03.1942","красноармеец","СКФ 958 ап 398 сд","умер","Крымская АССР, Ленинский р-н, Ак-Монайский с/с, с. Ак-Монай","","","https://obd-memorial.ru/html/info.htm?id=51200143","",""
"","58","818883","1634","obd_memorial","51200156","Якубов","Али","Кейдор.","","","25.05.1942","красноармеец","СКФ 958 ап 398 сд","убит","Крымская АССР, Ленинский р-н, с. Корпечь","","","https://obd-memorial.ru/html/info.htm?id=51200156","",""
"","58","818883","1631","obd_memorial","51268133","Письменный","Александр","Николаевич","","","11.04.1942","ст. лейтенант","скф 320 сд 44 А","убит","","","","https://obd-memorial.ru/html/info.htm?id=51268133","[МЕСТО_ВЫБЫТИЯ] Крымская АССР",""
"","58","818883","1631","obd_memorial","51268134","Черняев","Василий","Васильевич","","","24.03.1942","лейтенант","скф 236 сд 44 А","убит","","","","https://obd-memorial.ru/html/info.htm?id=51268134","[МЕСТО_ВЫБЫТИЯ] Крымская АССР",""
"","58","818883","1631","obd_memorial","51268135","Черабадзе","Дмитрий","Иванович","","","24.03.1942","мл. лейтенант","скф 236 сд 44 А","убит","","","","https://obd-memorial.ru/html/info.htm?id=51268135","[МЕСТО_ВЫБЫТИЯ] Крымская АССР",""
"","58","818883","1631","obd_memorial","51268136","Кадников","Петр","Николаевич","","","23.03.1942","ст. лейтенант","скф 271 сд 44 А","убит","","","","https://obd-memorial.ru/html/info.htm?id=51268136","[МЕСТО_ВЫБЫТИЯ] Крымская АССР",""
"","58","818883","1631","obd_memorial","51268137","Солдатов","Дмитрий","Семенович","","","23.03.1942","лейтенант","скф 271 сд 44 А","умер от ран","","","","https://obd-memorial.ru/html/info.htm?id=51268137","[МЕСТО_ВЫБЫТИЯ] Крымская АССР",""
"","58","818883","1631","obd_memorial","51268138","Тараненко","Харитон","Васильевич","__.__.1914","Кировоградская обл.","01.04.1942","сержант","скф 44 А 157 сд 384 сп","убит","Крымская АССР, Кировский р-н, Кой-Асанский с/с, с. Кой-Асан","","Петровский РВК, Украинская ССР, Кировоградская обл., Петровский р-н","https://obd-memorial.ru/html/info.htm?id=51268138","",""
"","58","818883","1631","obd_memorial","51268139","Гауф","Валентин","Антонович","__.__.1921","Барановичский р-н","04.04.1942","сержант","скф 44 А 157 сд 384 сп","убит","Крымская АССР, Кировский р-н, Кой-Асанский с/с, с. Кой-Асан","","","https://obd-memorial.ru/html/info.htm?id=51268139","",""
"","58","818883","1631","obd_memorial","51268140","Луговченко","Александр","Гаврилович","__.__.1922","Краснодарский край","09.04.1942","лейтенант","скф 44 А 157 сд 384 сп","убит","Крымская АССР, Кировский р-н, Кой-Асанский с/с, с. Кой-Асан","","","https://obd-memorial.ru/html/info.htm?id=51268140","",""
"","58","818883","1631","obd_memorial","51268141","Стрельников","Николай","Александрович","__.__.1915","Чкаловская обл.","09.04.1942","лейтенант","скф 44 А 157 сд 384 сп","убит","Крымская АССР, Кировский р-н, Кой-Асанский с/с, с. Кой-Асан","","","https://obd-memorial.ru/html/info.htm?id=51268141","",""
"","58","818883","1631","obd_memorial","51268142","Тараненко","Яков","Иванович","__.__.1914","Казахская ССР","18.03.1942","лейтенант","скф 157 сд 44 А","умер от ран","Крымская АССР, Ленинский р-н, Арма-Элинский с/с, с. Арма-Эли","","","https://obd-memorial.ru/html/info.htm?id=51268142","",""
"","58","818883","1631","obd_memorial","51268143","Распопов","Алексей","Иванович","__.__.1908","г. Тбилиси","18.03.1942","капитан","скф 157 сд 44 А","умер от ран","Крымская АССР, Ленинский р-н, Арма-Элинский с/с, с. Арма-Эли","","Мелитопольский РВК, Украинская ССР, Запорожская обл., Мелитопольский р-н","https://obd-memorial.ru/html/info.htm?id=51268143","",""
"","58","818883","1631","obd_memorial","51268144","Макаров","Александр","Петрович","__.__.1921","Вологодская обл.","18.03.1942","лейтенант","скф 157 сд 44 А","умер от ран","Крымская АССР, Ленинский р-н, Арма-Элинский с/с, с. Арма-Эли","","Бабаевский РВК, Вологодская обл., Бабаевский р-н","https://obd-memorial.ru/html/info.htm?id=51268144","",""
"","58","818883","1631","obd_memorial","51268145","Бабичев","Иван","Федорович","__.__.1923","Калмыцкая АССР","18.03.1942","лейтенант","скф 157 сд 44 А","умер от ран","Крымская АССР, Ленинский р-н, Арма-Элинский с/с, с. Арма-Эли","","Сарпинский РВК, Калмыцкая АССР, Сарпинский р-н","https://obd-memorial.ru/html/info.htm?id=51268145","",""
"","58","818883","1631","obd_memorial","51268146","Повлузов","Павел","Григорьевич","__.__.1906","Краснодарский край","04.04.1942","капитан","скф 276 сд 44 А","убит","Крымская АССР, Ленинский р-н, Арма-Элинский с/с, с. Арма-Эли","","Ворошиловский РВК, Орджоникидзевский край, Ворошиловский р-н","https://obd-memorial.ru/html/info.htm?id=51268146","",""
"","58","818883","1631","obd_memorial","51268147","Резанов","Андрей","Германович","__.__.1920","Краснодарский край","09.04.1942","ст. лейтенант","скф 276 сд 44 А","убит","Крымская АССР, выс. 66,3","","","https://obd-memorial.ru/html/info.htm?id=51268147","",""
"","58","818883","1631","obd_memorial","51268148","Северин","Михаил","Афанасьевич","","","09.04.1942","лейтенант","скф 276 сд 44 А","умер от ран","Крымская АССР, выс. 66,3","","","https://obd-memorial.ru/html/info.htm?id=51268148","",""
"","58","818883","1631","obd_memorial","51268149","Криндясов","Николай","Борисович","","","09.04.1942","мл. лейтенант","скф 276 сд 44 А","убит","Крымская АССР, выс. 66,3","","","https://obd-memorial.ru/html/info.htm?id=51268149","",""
"","58","818883","1631","obd_memorial","51268150","Абросимов","Александр","Георгиевич","__.__.1917","Сталинградская обл.","09.04.1942","лейтенант","скф 276 сд 44 А","убит","Крымская АССР, выс. 66,3","","Иловлинский РВК, Сталинградская обл., Иловлинский р-н","https://obd-memorial.ru/html/info.htm?id=51268150","",""
"","58","818883","1631","obd_memorial","51268151","Мартыненко","Виктор","Федорович","","","09.04.1942","лейтенант","скф 276 сд 44 А","убит","Крымская АССР, выс. 66,3","","","https://obd-memorial.ru/html/info.htm?id=51268151","",""
"","58","818883","1631","obd_memorial","51268152","Анисимов","Назар","Иванович","__.__.1911","Сталинградская обл.","09.04.1942","лейтенант","скф 276 сд 44 А","убит","Крымская АССР, выс. 66,3","","","https://obd-memorial.ru/html/info.htm?id=51268152","",""
"","58","818883","1631","obd_memorial","51268153","Прядко","Антон","Игнатьевич","","","09.04.1942","капитан","скф 871 сп 276 сд 44 А","убит","Крымская АССР, выс. 66,3","","","https://obd-memorial.ru/html/info.htm?id=51268153","",""
"","58","818883","1631","obd_memorial","51268154","Осин","Михаил","Иванович","","","09.04.1942","мл. лейтенант","скф 276 сд 44 А","умер от ран","Крымская АССР, выс. 66,3","","Челябинский ГВК, Челябинская обл., г. Челябинск","https://obd-memorial.ru/html/info.htm?id=51268154","",""
"","58","818883","1631","obd_memorial","51268155","...зулин","Василий","Васильевич","__.__.1922","Саратовская обл.","04.04.1942","лейтенант","скф 404 сд 44 А","убит","Крымская АССР, выс. 66,3","","Ростовский РВК, г. Ростов-на-Дону","https://obd-memorial.ru/html/info.htm?id=51268155","[НЕПОЛНАЯ_ФАМИЛИЯ] ""...зулин""",""
"","58","818883","1631","obd_memorial","51268156","Горбачев","Федор","Кириллович","__.__.1922","Сумская обл.","05.04.1942","лейтенант","скф 404 сд 44 А","убит","Крымская АССР, выс. 66,3","","Минераловодский РВК, Орджоникидзевский край, Минераловодский р-н","https://obd-memorial.ru/html/info.htm?id=51268156","",""
"","33","11458","169","obd_memorial","5481782","Прохоров","Петр","Иванович","","г. Черчик, 6 п/я 30","11.04.1942","лейтенант","655 сп","убит","Крымская АССР, выс. 66,3, южные скаты","","","https://obd-memorial.ru/html/info.htm?id=5481782","",""
"","58","18002","700","obd_memorial","5687127","Мишин","Виктор","Андреевич","","г. Грозный","17.03.1942","красноармеец","633 сп","убит","Крымская АССР, выс. 66,3","","","https://obd-memorial.ru/html/info.htm?id=5687127","",""
"","58","18001","343","obd_memorial","6003836","Якивец","Петр","Алексеевич","","Полтавская обл.","15.03.1942","красноармеец","пп 492 в/ч 15","убит","Крымская АССР, выс. 66,3","","Гадячский РВК, Украинская ССР, Полтавская обл., Гадячский р-н","https://obd-memorial.ru/html/info.htm?id=6003836","",""
"","58","18001","464","obd_memorial","6139529","Проценко","Варфаломей","Макарович","","Краснодарский Край, Павловский р-н, Межреченский с/с, к/з ""Заря""","17.03.1942","красноармеец","п/п 492 в/ч 15","убит","Крымская АССР, выс. 66,3, около","","","https://obd-memorial.ru/html/info.htm?id=6139529","",""
"","58","18001","468","obd_memorial","6144217","Пасечный","Иван","Сергеевич","","","15.04.1942","красноармеец","873 сп","убит","Крымская АССР, выс. 66,3, в районе шести курганов","","","https://obd-memorial.ru/html/info.htm?id=6144217","",""
"","58","18001","470","obd_memorial","6147082","Спасенко","Дмитрий","Петрович","","Харьковская обл., Змеевский р-н, с/з ""Червонный Веретен""","15.04.1942","красноармеец","873 сп","убит","Крымская АССР, выс. 66,3, в районе 6 курганов","","","https://obd-memorial.ru/html/info.htm?id=6147082","",""
"","58","18001","472","obd_memorial","6149443","Вобликов","Иван","Григорьевич","","Орловская обл., Ималковский р-н, Архангельский с/с","27.02.1942","красноармеец","24 тп","убит","Крымская АССР, выс. 66,3, южнее, 1 км","","","https://obd-memorial.ru/html/info.htm?id=6149443","",""
"","58","18001","481","obd_memorial","6158783","Кочан","Алексей","Степанович","","Винницкая обл., Топлицкий р-н, с. Камениш","27.02.1942","мл. сержант","24 тп","убит","Крымская АССР, выс. 66,3, южнее, 1 км","","","https://obd-memorial.ru/html/info.htm?id=6158783","",""
"","58","18001","485","obd_memorial","6163331","Иванов","Петр","Константинович","","Смоленская обл., ст. Духовская","22.03.1942","сержант","126 отд. тб","убит","Крымская АССР, выс. 66,3","","","https://obd-memorial.ru/html/info.htm?id=6163331","",""
"","58","18001","76","obd_memorial","6192053","Иргашов","Тюмобай","","","Узбекская ССР, Самаркандский р-н","14.04.1942","красноармеец","633 сп","убит","Крымская АССР, выс. 66,3","","Самаркандский РВК","https://obd-memorial.ru/html/info.htm?id=6192053","",""
"","58","18001","403","obd_memorial","6205588","Казаков","Василий","Мифодеевич","","Смоленская обл., Капынский с/с","27.02.1942","сержант","24 тп","убит","Крымская АССР, выс. 66,3, южнее, 1 км","","","https://obd-memorial.ru/html/info.htm?id=6205588","",""
"","58","18001","404","obd_memorial","6206334","Мельник","Назар","Иванович","","Винницкая обл., Теплицкий р-н","27.02.1942","мл. сержант","","убит","Крымская АССР, выс. 66,3, западнее, 1 км","","","https://obd-memorial.ru/html/info.htm?id=6206334","",""
"","58","18001","348","obd_memorial","6283439","Сошкин","Михаил","Абрамович","","г. Одесса, Ильичевский р-н","15.04.1942","красноармеец","","убит","Крымская АССР, выс. 66,3","","Ильичевский РВК","https://obd-memorial.ru/html/info.htm?id=6283439","",""
"","33","563784","42","obd_memorial","74390027","Сисейкин","Павел","Степанович","__.__.1905","Курская обл., г. Новый Оскол","13.03.1942","военный юрист 3 ранга","КрымФ","убит","","","","https://obd-memorial.ru/html/info.htm?id=74390027","",""
"","","1948","22/2","obd_memorial","85849307","Коляда","Трофим","Петрович","__.__.1902","Ставропольский край, Курсавский р-н, В, Джелга","28.03.1942","красноармеец","","погиб","Крымская АССР, выс. 66.3, восточные скаты","","Мамовский ГВК","https://obd-memorial.ru/html/info.htm?id=85849307","[ВНИМАНИЕ] Отсутствуют: Архивные реквизиты (не является ошибкой)",""
