Заголовок,nomer_fonda,nomer_opisi,nomer_dela,document_type,document_id,last_name,first_name,middle_name,date_birth,place_birth,date_death,rank,warunit,cause_of_death,primary_burial,current_burial,country_burial,region_burial,rebural_from,conscription_location,primary_url,notes,Дата
Абиркин Михаил Алексеевич,,,,ЦАМО,1168453001,Абиркин,Михаил,Алексеевич,,,27.02.1942,лейтенант,55 тбр КрымФ,погиб,,,,,,,https://obd-memorial.ru/html/info.htm?id=1168453001,,2026-10-08
Альмеев Гуммер Афиайлович,,,,ЦАМО,1168453003,Альмеев,Гуммер,Афиайлович,,,Между 27.02.1942 и 25.05.1942,воентехник 1 ранга,55 тбр КрымФ,убит,,,,,,,https://obd-memorial.ru/html/info.htm?id=1168453003,,2026-10-08
Абрамов Анатолий Михайлович,,,,ЦАМО,1168453005,Абрамов,Анатолий,Михайлович,,,11.05.1942,ст. лейтенант,55 тбр КрымФ,убит,,,,,,,https://obd-memorial.ru/html/info.htm?id=1168453005,,2026-10-08
Амансохатов Хаджим Кули,,,,ЦАМО,1168453007,Амансохатов,Хаджим,Кули,,,11.05.1942,лейтенант,55 тбр КрымФ,убит,,,,,,,https://obd-memorial.ru/html/info.htm?id=1168453007,,2026-10-08
Воронин Александр Павлович,,,,ЦАМО,1168453032,Воронин,Александр,Павлович,,,02.03.1942,лейтенант,55 тбр КрымФ,убит,,,,,,,https://obd-memorial.ru/html/info.htm?id=1168453032,,2026-10-08
Васильев Николай Сергеевич,,,,ЦАМО,1168453036,Васильев,Николай,Сергеевич,,,10.05.1942,майор,55 тбр КрымФ,убит,,,,,,,https://obd-memorial.ru/html/info.htm?id=1168453036,,2026-10-08
Горечев Василий Иванович,,,,ЦАМО,1168453044,Горечев,Василий,Иванович,,,19.03.1942,лейтенант,55 тбр КрымФ,убит,,,,,,,https://obd-memorial.ru/html/info.htm?id=1168453044,,2026-10-08
Голик Андрей Трофимович,,,,ЦАМО,1168453046,Голик,Андрей,Трофимович,,,20.03.1942,майор,55 тбр КрымФ,убит,,,,,,,https://obd-memorial.ru/html/info.htm?id=1168453046,,2026-10-08
Галкин Николай Иванович,,,,ЦАМО,1168453048,Галкин,Николай,Иванович,,,24.03.1942,воентехник 2 ранга,55 тбр КрымФ,убит,,,,,,,https://obd-memorial.ru/html/info.htm?id=1168453048,,2026-10-08
Дагаргулия Леонид Илларионович,,,,ЦАМО,1168453060,Дагаргулия,Леонид,Илларионович,,,19.03.1942,мл. лейтенант,55 тбр КрымФ,убит,,,,,,,https://obd-memorial.ru/html/info.htm?id=1168453060,,2026-10-08
Дорохин Иван Васильевич,,,,ЦАМО,1168453062,Дорохин,Иван,Васильевич,,,10.05.1942,лейтенант,55 тбр КрымФ,убит,,,,,,,https://obd-memorial.ru/html/info.htm?id=1168453062,,2026-10-08
Жуков Михаил Федорович,,,,ЦАМО,1168453071,Жуков,Михаил,Федорович,,,19.03.1942,лейтенант,55 тбр КрымФ,убит,,,,,,,https://obd-memorial.ru/html/info.htm?id=1168453071,,2026-10-08
Иванов Борис Васильевич,,,,ЦАМО,1168453081,Иванов,Борис,Васильевич,,,03.03.1942,капитан,55 тбр КрымФ,убит,,,,,,,https://obd-memorial.ru/html/info.htm?id=1168453081,,2026-10-08
Криворучко Николай Леонтьевич,,,,ЦАМО,1168453095,Криворучко,Николай,Леонтьевич,,,Между 27.02.1942 и 25.05.1942,лейтенант,55 тбр КрымФ,погиб,,,,,,,https://obd-memorial.ru/html/info.htm?id=1168453095,,2026-10-08
Камин Федор Иванович,,,,ЦАМО,1168453097,Камин,Федор,Иванович,,,19.03.1942,лейтенант,55 тбр КрымФ,убит,,,,,,,https://obd-memorial.ru/html/info.htm?id=1168453097,,2026-10-08
Киселев Николай Ефимович,,,,ЦАМО,1168453099,Киселев,Николай,Ефимович,,,20.03.1942,лейтенант,55 тбр КрымФ,убит,,,,,,,https://obd-memorial.ru/html/info.htm?id=1168453099,,2026-10-08
Кузьмин Василий Кузьмич,,,,ЦАМО,1168453102,Кузьмин,Василий,Кузьмич,,,Между 27.02.1942 и 25.05.1942,лейтенант,55 тбр КрымФ,убит,,,,,,,https://obd-memorial.ru/html/info.htm?id=1168453102,,2026-10-08
Михайловский Степан Яковлевич,,,,ЦАМО,1168453128,Михайловский,Степан,Яковлевич,,,23.03.1942,лейтенант,55 тбр КрымФ,убит,,,,,,,https://obd-memorial.ru/html/info.htm?id=1168453128,,2026-10-08
Носов Иван Павлович,,,,ЦАМО,1168453139,Носов,Иван,Павлович,,,Между 27.02.1942 и 25.05.1942,капитан,55 тбр КрымФ,убит,,,,,,,https://obd-memorial.ru/html/info.htm?id=1168453139,,2026-10-08
Омельченко Тимофей Васильевич,,,,ЦАМО,1168453145,Омельченко,Тимофей,Васильевич,,,02.03.1942,лейтенант,55 тбр КрымФ,убит,,,,,,,https://obd-memorial.ru/html/info.htm?id=1168453145,,2026-10-08
Оганесьян Сергей Абрамович,,,,ЦАМО,1168453147,Оганесьян,Сергей,Абрамович,,,19.03.1942,лейтенант,55 тбр КрымФ,убит,,,,,,,https://obd-memorial.ru/html/info.htm?id=1168453147,,2026-10-08
Пашкин Михаил Петрович,,,,ЦАМО,1168453153,Пашкин,Михаил,Петрович,,,11.05.1942,майор,55 тбр КрымФ,убит,,,,,,,https://obd-memorial.ru/html/info.htm?id=1168453153,,2026-10-08
Пономарев Илларион Тимофеевич,,,,ЦАМО,1168453155,Пономарев,Илларион,Тимофеевич,,,11.05.1942,мл. лейтенант,55 тбр КрымФ,убит,,,,,,,https://obd-memorial.ru/html/info.htm?id=1168453155,,2026-10-08
Рура Алексей Гаврилович,,,,ЦАМО,1168453175,Рура,Алексей,Гаврилович,,,Между 27.02.1942 и 25.05.1942,интендант 2 ранга,55 тбр КрымФ,убит,,,,,,,https://obd-memorial.ru/html/info.htm?id=1168453175,,2026-10-08
Седракьян Леон Рубенович,,,,ЦАМО,1168453180,Седракьян,Леон,Рубенович,,,05.03.1942,лейтенант,55 тбр КрымФ,убит,,,,,,,https://obd-memorial.ru/html/info.htm?id=1168453180,,2026-10-08
Суховер Тимофей Иванович,,,,ЦАМО,1168453182,Суховер,Тимофей,Иванович,,,20.03.1942,капитан,55 тбр КрымФ,убит,,,,,,,https://obd-memorial.ru/html/info.htm?id=1168453182,,2026-10-08
Сахарчук Владимир Харитонович,,,,ЦАМО,1168453184,Сахарчук,Владимир,Харитонович,,,10.05.1942,ст. лейтенант,55 тбр КрымФ,убит,,,,,,,https://obd-memorial.ru/html/info.htm?id=1168453184,,2026-10-08
Семенов Семен Иванович,,,,ЦАМО,1168453186,Семенов,Семен,Иванович,,,10.05.1942,мл. лейтенант,55 тбр КрымФ,убит,,,,,,,https://obd-memorial.ru/html/info.htm?id=1168453186,,2026-10-08
Тарасов Николай Сергеевич,,,,ЦАМО,1168453198,Тарасов,Николай,Сергеевич,,,Между 27.02.1942 и 25.05.1942,ст. лейтенант,55 тбр КрымФ,убит,,,,,,,https://obd-memorial.ru/html/info.htm?id=1168453198,,2026-10-08
Хоботов Иван Петрович,,,,ЦАМО,1168453212,Хоботов,Иван,Петрович,,,Между 27.02.1942 и 25.05.1942,мл. лейтенант,55 тбр КрымФ,убит,,,,,,,https://obd-memorial.ru/html/info.htm?id=1168453212,,2026-10-08
Шемань Абрам Самуилович,,,,ЦАМО,1168453227,Шемань,Абрам,Самуилович,,,Между 27.02.1942 и 25.05.1942,мл. лейтенант,55 тбр КрымФ,убит,,,,,,,https://obd-memorial.ru/html/info.htm?id=1168453227,,2026-10-08
Шешуков Алексей Архипович,,,,ЦАМО,1168453229,Шешуков,Алексей,Архипович,,,Между 27.02.1942 и 25.05.1942,капитан,55 тбр КрымФ,убит,,,,,,,https://obd-memorial.ru/html/info.htm?id=1168453229,,2026-10-08
