document_id,country_burial,region_burial,vmc_number,current_burial,primary_burial_object,rebural_from,date_created,date_last_burial,burial_type,burial_state,graves_count,buried_total,buried_known,buried_unknown,sponsor,primary_url,Дата
33118286,Россия,Республика Крым,82-10/2014,"г. Алушта, Приморский парк, вне кладбища",,,26.04.1944,26.04.1944,одиночная могила (ВОВ),,1,1,1,0,Исполком г. Алушта №211 АР,https://obd-memorial.ru/html/info.htm?id=33118286,2026-10-10
33119260,Россия,Республика Крым,82-95,"Джанкойский р-н, Масловский с/с, с. Маслово",,,__.__.1945,__.__.1945,"памятник истории, памятный знак в честь воинов-односельчан",,неизвестно,неизвестно,0,неизвестно,"Масловский с/с, Джанкойский р-н, Р. Крым",https://obd-memorial.ru/html/info.htm?id=33119260,2026-10-10
33123008,Россия,Республика Крым,82-206/2014,"Бахчисарайский р-н, Песчановский с/с, с. Песчаное, ул. Речная",,,__.__.1956,__.__.1956,памятник истории,удовлетворительное,неизвестно,17,17,0,"Песчановский сельский совет Республика Крым, Бахчисарайский район, с. Песчаное, ул. Речная",https://obd-memorial.ru/html/info.htm?id=33123008,2026-10-10
33122267,Россия,Республика Крым,82-181/2014,"Бахчисарайский р-н, Тенистовский с/с, с. Некрасовка, 500 м от восточной окраины села, сельское кладбище, вблизи доги Кача-Бахчисарай",,"с. Некрасовка, около",__.__.1944,__.__.1955,братская могила советских воинов,,1,32,32,0,"Исполком Тенистовского сельского совета с. Тенистое, ул. Заречная, 23, Бахчисарайский р-н, Республика Крым",https://obd-memorial.ru/html/info.htm?id=33122267,2026-10-10
1158561679,Россия,Республика Крым,82-434/2014,"Бахчисарайский р-н, г. Бахчисарай, ул. Речная, 133",,,__.__.2004,__.__.2004,братская могила,удовлетворительное,1,411,,411,Государственное бюджетное учреждение Республики Крым Бахчисарайский историко-культурный и архелогический музей-заповедник,https://obd-memorial.ru/html/info.htm?id=1158561679,2026-10-10
33118340,Россия,Республика Крым,82-20/2014,"г. Алушта, с. Малореченское, западная окраина",,,__.__.1944,__.__.1944,братская могила (ВОВ),,1,16,2,14,"Исполком г. Алушта №227 АР, Малореченский с/с",https://obd-memorial.ru/html/info.htm?id=33118340,2026-10-10
1158561150,Россия,Республика Крым,82-430/2014,"Бахчисарайский р-н, г. Бахчисарай, ул. Речная, 133",,,__.__.1944,__.__.1957,братская могила,удовлетворительное,,14,14,,Государственное бюджетное учреждение Республики Крым Бахчисарайский историко-культурный и архелогический музей-заповедник,https://obd-memorial.ru/html/info.htm?id=1158561150,2026-10-10
33118336,Россия,Республика Крым,82-19/2014,"г. Алушта, Судакское шоссе, 5 км",,,27.06.1987,27.06.1987,одиночная могила воина-интернационалиста (Афганистан),,1,1,1,0,"Исполком г. Алушта, школа №1",https://obd-memorial.ru/html/info.htm?id=33118336,2026-10-10
33118298,Россия,Республика Крым,82-13/2014,"г. Алушта, с. Рыбачье, шоссе Алушта-Судак, вне территории сельского кладбища",,,__.__.1944,__.__.1944,братская могила (ВОВ),,1,11,11,0,Исполком г. Алушта,https://obd-memorial.ru/html/info.htm?id=33118298,2026-10-10
33118282,Россия,Республика Крым,82-9/2014,"г. Алушта, Приморский парк, вне кладбища",,,25.04.1944,25.04.1944,одиночная могила (ВОВ),,1,1,1,0,Исполком г. Алушта №211 АР,https://obd-memorial.ru/html/info.htm?id=33118282,2026-10-10
33123688,Россия,Республика Крым,82-291/2014,"г. Старый Крым, гражданское кладбище",,,__.__.1944,__.__.1944,могила И.Д. Вениосова,,1,1,1,0,"Коммунальное предприятие ""Старокрымский коммунальник""",https://obd-memorial.ru/html/info.htm?id=33123688,2026-10-10
33119763,Россия,Республика Крым,82-153/2014,"г. Евпатория, ул. Эскадронная, старое городское кладбище",,,__.__.1967,__.__.1967,одиночная могила,,1,1,1,0,Администрация города Евпатории Республики Крым,https://obd-memorial.ru/html/info.htm?id=33119763,2026-10-10
1161514810,Россия,Республика Крым,82-446/2014,"г. Симферополь, пр. Кирова, гражданское кладбище",,,__.__.1944,__.__.1975,братская могила,исправное,1,4,4,,Муниципальное бюджетное учреждение Город муниципального образования г.о. Симферополь Республики Крым,https://obd-memorial.ru/html/info.htm?id=1161514810,2026-10-10
2005950846,Россия,Республика Крым,82-241/2023,"Советский р-н, с.п. Ильичевское, с. Восточное, кладбище",,,,,братская могила,удовлетворительное,1,2,2,,"МБУО ""Ильичевская средняя школа"" Советского р-на Республики Крым",https://obd-memorial.ru/html/info.htm?id=2005950846,2026-10-10
33118244,Россия,Республика Крым,82-2/2014,"г. Алушта, Малореченский с/с, с. Генеральское, сельское кладбище, северная часть",,,,,одиночная могила воина-интернационалиста (Афганистан),,1,1,1,0,"Исполком г. Алушта, общеобразовательная школа №1",https://obd-memorial.ru/html/info.htm?id=33118244,2026-10-10
33118271,Россия,Республика Крым,82-7/2014,"г. Алушта, заповедник, кордон Буковского, вне кладбища",,,__.__.1941,__.__.1941,братская могила (ВОВ),,1,7,4,3,Исполком г. Алушта №3084 АР,https://obd-memorial.ru/html/info.htm?id=33118271,2026-10-10
33118254,Россия,Республика Крым,82-5/2014,"г. Алушта, Изобильненский с/с, с. Изобильное (справа от дороги, ведущей в с. Изобильное от шоссе Симферополь-Алушта)",,,15.04.1944,15.04.1944,братская могила (ВОВ),,1,8,8,0,Исполком г. Алушта,https://obd-memorial.ru/html/info.htm?id=33118254,2026-10-10
1161514826,Россия,Республика Крым,82-448/2014,"г. Симферополь, ул. Белая, старое гражданское кладбище",,,__.__.1944,__.__.1960,братская могила,исправное,1,3,1,2,Муниципальное бюджетное учреждение Город муниципального образования г.о. Симферополь Республики Крым,https://obd-memorial.ru/html/info.htm?id=1161514826,2026-10-10
2005950884,Россия,Республика Крым,82-248/2023,"Советский р-н, с.п. Прудовское, с. Пруды, ул. Октябрьская",,,,,могила,удовлетворительное,1,1,1,,"МБУО ""Прудовская средняя школа"" Советского р-на Республики Крым",https://obd-memorial.ru/html/info.htm?id=2005950884,2026-10-10
33119674,Россия,Республика Крым,82-150,"г. Евпатория, 58 км шоссе Симферополь-Евпатория",,,,,братская могила,,1,неизвестно,неизвестно,неизвестно,Администрация города Евпатории Республики Крым,https://obd-memorial.ru/html/info.htm?id=33119674,2026-10-10
33123190,Россия,Республика Крым,82-217/2014,"Первомайский р-н, Октябрьский с/с, с. Октябрьское, в сквере возле дома культуры",,,__.__.1944,__.__.1944,памятник истории - братская могила советских воинов,,1,0,0,0,"Октябрьский сельский совет. Республика Крым, Первомайский р-он, с. Октябрьское, ул. Юбилейная 36",https://obd-memorial.ru/html/info.htm?id=33123190,2026-10-10
33118240,Россия,Республика Крым,82-1/2014,"г. Алушта, Судакское шоссе, 5 км, городское кладбище, центральная часть",,,,,одиночная могила воина-интернационалиста (Афганистан),,1,1,1,0,Исполком г. Алушты,https://obd-memorial.ru/html/info.htm?id=33118240,2026-10-10
33118365,Россия,Республика Крым,82-23/2014,"г. Алушта, п.г.т. Партенит, сквер Победы",,"п.г.т. Партенит, восточнее, 700 м, территория д/о Айвазовский",__.__.2005,__.__.2005,одиночная могила (ВОВ),,1,1,1,0,"Исполком г. Алушта, Партенитский поселковый совет",https://obd-memorial.ru/html/info.htm?id=33118365,2026-10-10
33119786,Россия,Республика Крым,82-159,"г. Евпатория, ул. 2 Гвардейской Армии - ул. Эскадронная",,,,,братская могила,,1,неизвестно,неизвестно,неизвестно,Администрация города Евпатории Республики Крым,https://obd-memorial.ru/html/info.htm?id=33119786,2026-10-10
2005950854,Россия,Республика Крым,82-242/2023,"Советский р-н, с.п. Дмитровское, с. Дмитровка",,,,,братская могила и памятный знак,удовлетворительное,1,9,,9,"МБУО ""Дмитровская средняя школа"" Советского р-на Республики Крым",https://obd-memorial.ru/html/info.htm?id=2005950854,2026-10-10
33118248,Россия,Республика Крым,82-3/2014,"г. Алушта, Маломаякский с/с, с. Запрудное, сельское кладбище",,,__.11.1941,__.11.1941,братская могила,,1,4,0,4,"Исполком г. Алушта №223 АР, Маломаякский с/с",https://obd-memorial.ru/html/info.htm?id=33118248,2026-10-10
33123707,Россия,Республика Крым,82-295/2014,"Кировский р-н, Владиславовский с/с, с. Владиславовка, юго-восточная часть села, слева от шоссе Владиславовка-Феодосия",,,__.__.1919,__.__.1944,братская могила советских воинов,,1,51,49,2,"ЖКХ Владиславовского сельского совета. Республика Крым, Кировский район, с. Владиславовка, ул. 30 лет Победы, 1",https://obd-memorial.ru/html/info.htm?id=33123707,2026-10-10
33119767,Россия,Республика Крым,82-154/2014,"г. Евпатория, ул. Эскадронная, старое городское кладбище",,"г. Евпатория, парк",__.__.1944,__.__.1944,одиночная могила,,1,1,1,0,Администрация города Евпатории Республики Крым,https://obd-memorial.ru/html/info.htm?id=33119767,2026-10-10
1168545434,Россия,Республика Крым,82-343/2023,"Сакский р-н, с. Сизовка, ул. Ленина, сквер",,,__.__.1964,__.__.1964,братская могила,удовлетворительное,1,2,1,1,Администрация с.п. Сизовское Сакского р-на Республики Крым,https://obd-memorial.ru/html/info.htm?id=1168545434,2026-10-10
1167839469,Россия,Республика Крым,82-454,"Ленинский р-н, с.п. Батальненское, с. Батальное, воинское кладбище",,Ак-Монайские позиции,,22.06.2021,воинское кладбище,хорошее,,1330,239,1091,Администрация Батальненского сельского поселения Ленинского района Республики Крым,https://obd-memorial.ru/html/info.htm?id=1167839469,2026-10-10
2005950899,Россия,Республика Крым,82-251/2023,"Советский р-н, с.п. Ильичевское, с. Шахтино, кладбище",,,,,братская могила,удовлетворительное,1,2,2,,"МБУО ""Ильичевская средняя школа"" Советского р-на Республики Крым",https://obd-memorial.ru/html/info.htm?id=2005950899,2026-10-10
33118265,Россия,Республика Крым,82-6/2014,"г. Алушта, Малореченский с/с, с. Генеральское, шоссе Алушта-Генеральское, 7 км, справа от дороги Солнечногорское-Генеральское, вне территории кладбища",,,,,братская могила (ВОВ),,1,3,3,0,"Исполком г. Алушта, Малореченский с/с",https://obd-memorial.ru/html/info.htm?id=33118265,2026-10-10
1158561671,Россия,Республика Крым,82-432/2014,"Бахчисарайский р-н, г. Бахчисарай, ул. Речная, 133",,,__.__.1944,__.__.1944,могила,удовлетворительное,1,1,1,,Государственное бюджетное учреждение Республики Крым Бахчисарайский историко-культурный и архелогический музей-заповедник,https://obd-memorial.ru/html/info.htm?id=1158561671,2026-10-10
2005950859,Россия,Республика Крым,82-243/2023,"Советский р-н, с.п. Краснофлотское, с. Краснофлотское, школа, около",,,,,братская могила и памятный знак,удовлетворительное,1,18,,18,"МБУО ""Краснофлотская средняя школа"" Советского р-на Республики Крым",https://obd-memorial.ru/html/info.htm?id=2005950859,2026-10-10
33123820,Россия,Республика Крым,82-309/2014,"г. Старый Крым, восточная часть гражданского кладбища",,,,,могила И.И. Давыдова,,1,1,1,0,"Коммунальное предприятие ""Старокрымский Коммунальник""",https://obd-memorial.ru/html/info.htm?id=33123820,2026-10-10
33125790,Россия,Республика Крым,82-415/2014,"Ленинский р-н, с. Ленинское, ул. Ленина",,,__.__.1944,__.__.1944,братская могила советских воинов,удовлетворительное,1,6,6,0,"Исполнительный комитет Ленинского сельского совета Ленинского района Республики Крым. 298232, с. Ленинское, ул. Школьная, 9",https://obd-memorial.ru/html/info.htm?id=33125790,2026-10-10
1161514843,Россия,Республика Крым,82-450/2014,"г. Симферополь, ул. Беспалова, Петровское кладбище",,,,,братская могила,исправное,1,10,10,,Муниципальное бюджетное учреждение Город муниципального образования г.о. Симферополь Республики Крым,https://obd-memorial.ru/html/info.htm?id=1161514843,2026-10-10
33123123,Россия,Республика Крым,82-211/2014,"Бахчисарайский р-н, Тенистовский с/с, с. Тенистое, ул. Заречная, вблизи дороги Тенистое-Некрасовка",,,__.__.1944,__.__.1944,могила младшего лейтенанта Б.В. Маслова,,1,1,1,0,"Исполком Тенистовского сельского совета, с. Тенистое, ул. Заречная, 23, Бахчисарайский р-н, Республика Крым",https://obd-memorial.ru/html/info.htm?id=33123123,2026-10-10
1158561167,Россия,Республика Крым,ЗУ380-01-116/2014,"Бахчисарайский р-н, г. Бахчисарай, ул. Речная, 133",,,__.__.1944,__.__.1944,братское кладбище,удовлетворительное,,489,487,2,Государственное бюджетное учреждение Республики Крым Бахчисарайский историко-культурный и архелогический музей-заповедник,https://obd-memorial.ru/html/info.htm?id=1158561167,2026-10-10
1168545431,Россия,Республика Крым,82-460,"Белогорский р-н, с.п. Криничненское, с. Криничное",,,__.__.1941,__.__.1944,могила,удовлетворительное,1,1,,1,Администрация с.п. Криничненское Белогорского р-на Республики Крым,https://obd-memorial.ru/html/info.htm?id=1168545431,2026-10-10
2005950874,Россия,Республика Крым,82-244/2023,"Советский р-н, с.п. Ильичевское, с. Надежда, кладбище",,,,,братская могила,удовлетворительное,1,10,,10,"МБУО ""Ильичевская средняя школа"" Советского р-на Республики Крым",https://obd-memorial.ru/html/info.htm?id=2005950874,2026-10-10
2005950911,Россия,Республика Крым,82-463,"Черноморский р-н, с.п. Окуневское, с. Окуневка, территория памятного знака в честь воинов-односельчан",,,,,одиночное погребение,,1,1,,1,Администрация с.п. Окуневское Черноморского р-на Республики Крым,https://obd-memorial.ru/html/info.htm?id=2005950911,2026-10-10
33119677,Россия,Республика Крым,82-151/2014,"г. Евпатория, ул. Революции / пер. Клубный, сквер Коммунаров",,,__.__.1919,__.__.1919,братская могила,,1,21,21,0,Администрация г. Евпатории Республики Крым,https://obd-memorial.ru/html/info.htm?id=33119677,2026-10-10
33122303,Россия,Республика Крым,82-182,"Бахчисарайский р-н, Тенистовский с/с, с. Айвовое, ул. Краснофлотская, центр села",,,__.__.1941,__.__.1997,братская могила советских воинов,,1,49,0,49,"Исполнительный комитет Тенистовского сельского совета с. Тенистое, ул. Заречная, 23, Бахчисарайский р-н, Республика Крым",https://obd-memorial.ru/html/info.htm?id=33122303,2026-10-10
1158561686,Россия,Республика Крым,82-436/2014,"Бахчисарайский р-н, г. Бахчисарай, ул. Речная, 133",,,__.__.2017,__.__.2017,братская могила,удовлетворительное,1,7,,7,Государственное бюджетное учреждение Республики Крым Бахчисарайский историко-культурный и архелогический музей-заповедник,https://obd-memorial.ru/html/info.htm?id=1158561686,2026-10-10
33123441,Россия,Республика Крым,82-267/2014,"Симферопольский р-н, с. Красное, сельское кладбище",,,__.__.1942,__.__.1942,могила (ВОВ),,1,1,1,0,"Первомайская общеобразовательная школа, 297520, Россия, Республика Крым, Симферопольский р-н, с. Первомайское, ул. Дьяченко, 2",https://obd-memorial.ru/html/info.htm?id=33123441,2026-10-10
33118331,Россия,Республика Крым,82-18/2014,"г. Алушта, с. Солнечногорское, шоссе Алушта-Судак, юго-западнее",,,12.04.1944,12.04.1944,братская могила (ВОВ),,1,6,2,4,"Исполком г. Алушта, Малореченский с/с",https://obd-memorial.ru/html/info.htm?id=33118331,2026-10-10
33125786,Россия,Республика Крым,82-414/2014,"Ленинский р-н, с. Ленинское, сельское кладбище",,,__.__.1919,__.__.1919,могила Кацелова С.О.,удовлетворительное,1,1,1,0,"Исполнительный комитет Ленинского сельского совета Ленинского района Республики Крым. 298232, с. Ленинское, ул. Школьная, 9",https://obd-memorial.ru/html/info.htm?id=33125786,2026-10-10
33119278,Россия,Республика Крым,82-98,"Джанкойский р-н, Масловский с/с, с. Маслово",,,__.__.1945,__.__.1945,"памятник истории, могила неизвестного советского воина",,1,1,0,1,"Масловский сельский совет, Джанкойский р-н, Р. Крым",https://obd-memorial.ru/html/info.htm?id=33119278,2026-10-10
33119275,Россия,Республика Крым,82-97,"Джанкойский р-н, Масловский с/с, с. Маслово",,,__.__.1945,__.__.1945,"памятник истории, могила неизвестного советского воина",,1,1,0,1,"Масловский сельский совет, Джанкойский р-н, Р. Крым",https://obd-memorial.ru/html/info.htm?id=33119275,2026-10-10
33123770,Россия,Республика Крым,82-299/2014,"Кировский п/с, п. Кировское, ул. Фрунзе",,,,,братская могила Советских воинов,,1,4,1,3,"Республика Крым, п. Кировское, Кировский поселковый совет, ул. Розы Люксембург",https://obd-memorial.ru/html/info.htm?id=33123770,2026-10-10
2005950890,Россия,Республика Крым,82-249/2023,"Советский р-н, с.п. Пушкинское, с. Пушкино, кладбище",,,,,братская могила,удовлетворительное,1,23,,23,"МБУО ""Пушкинская средняя школа"" Советского р-на Республики Крым",https://obd-memorial.ru/html/info.htm?id=2005950890,2026-10-10
33119771,Россия,Республика Крым,82-155,"г. Евпатория, пр. Победы - ул. им. 9 Мая, Красная горка",,,__.__.1942,__.__.1942,братская могила,,1,8,0,8,Администрация города Евпатории Республики Крым,https://obd-memorial.ru/html/info.htm?id=33119771,2026-10-10
33125800,Россия,Республика Крым,82-416/2014,"Ленинский р-н, с. Ленинское, сельское кладбище",,,__.__.1920,__.__.1920,братская могила партизан,удовлетворительное,1,24,24,0,"Исполнительный комитет Ленинского сельского совета Ленинского района Республики Крым. 298232, с. Ленинское, ул. Школьная, 9",https://obd-memorial.ru/html/info.htm?id=33125800,2026-10-10
33118290,Россия,Республика Крым,82-11/2014,"г. Алушта, п. Утес, южная окраина, территория санатория ""Утес"", вне кладбища",,,,,одиночная могила (ВОВ),,1,1,1,0,"Исполком г. Алушта, Маломаякский с/с",https://obd-memorial.ru/html/info.htm?id=33118290,2026-10-10
33118294,Россия,Республика Крым,82-12/2014,"г. Алушта, Судакское шоссе, 5 км, городское кладбище, южная сторона",,,,,одиночная могила (Афганистан),,1,1,1,0,"Исполком г. Алушта, общеобразовательная школа №1",https://obd-memorial.ru/html/info.htm?id=33118294,2026-10-10
2005950868,Россия,Республика Крым,82-245/2023,"Советский р-н, с.п. Красногвардейское, с. Лоховка, кладбище",,,,,могила,удовлетворительное,1,1,1,,"МБУО ""Красногвардейская средняя школа"" Советского р-на Республики Крым",https://obd-memorial.ru/html/info.htm?id=2005950868,2026-10-10
1161514857,Россия,Республика Крым,82-451/2014,"г. Симферополь, ул. Беспалова, Петровское кладбище",,"г. Симферополь, Воронцовский парк",__.__.1944,__.__.1944,братская могила,исправное,1,9,9,,Муниципальное бюджетное учреждение Город муниципального образования г.о. Симферополь Республики Крым,https://obd-memorial.ru/html/info.htm?id=1161514857,2026-10-10
2005950842,Россия,Республика Крым,82-240/2023,"Советский р-н, с.п. Черноземненское, с. Алмазное, кладбище",,,,,братская могила,удовлетворительное,1,2,,2,"МБУО ""Черноземненская средняя школа"" Советского р-на Республики Крым",https://obd-memorial.ru/html/info.htm?id=2005950842,2026-10-10
1161514831,Россия,Республика Крым,82-449/2014,"г. Симферополь, ул. Старозенитная, воинское кладбище, сектор 4",,с. Дубки,__.__.1944,__.__.1982,братская могила,исправное,1,7,7,,Муниципальное бюджетное учреждение Город муниципального образования г.о. Симферополь Республики Крым,https://obd-memorial.ru/html/info.htm?id=1161514831,2026-10-10
33123876,Россия,Республика Крым,82-311/2014,"Кировский р-н, Льговский с/с, с. Долинное, сельское кладбище",,,,,братская могила Советских воинов,,1,3,3,0,"Льговская общеобразовательная школа I-III ступеней, Кировской РГА, Республики Крым",https://obd-memorial.ru/html/info.htm?id=33123876,2026-10-10
2005950908,Россия,Республика Крым,82-462,"Черноморский р-н, с.п. Окуневское, с. Окуневка, кладбище",,,__.__.1941,__.__.1944,одиночное погребение,,1,1,,1,Администрация с.п. Окуневское Черноморского р-на Республики Крым,https://obd-memorial.ru/html/info.htm?id=2005950908,2026-10-10
1161514874,Россия,Республика Крым,82-453/2014,"г. Симферополь, ул. Беспалова, Петровское кладбище",,,__.__.1944,__.__.1944,индивидуальная могила,исправное,1,1,1,,Муниципальное бюджетное учреждение Город муниципального образования г.о. Симферополь Республики Крым,https://obd-memorial.ru/html/info.htm?id=1161514874,2026-10-10
33119642,Россия,Республика Крым,82-142/2014,"Красногвардейский р-н, Найденовский с/с, с. Найденовка, центральная часть сельского кладбища, 70 м от входа",,,25.06.1983,25.06.1983,"памятник истории местного значения - могила Гудима Сергея Сергеевича, советского воина-интернационалиста, погибшего при исполнении интернационального долга в Демократической Республике Афганистан",,1,1,1,0,Найденовский с/с Красногвардейского р-на Республики Крым,https://obd-memorial.ru/html/info.htm?id=33119642,2026-10-10
33123922,Россия,Республика Крым,82-321/2014,"Кировский р-н, Владиславовский с/с, с. Владиславовка, центр села в сквере напротив здания сельского совета",,,__.__.1967,__.__.1967,"памятный знак в честь воинов-односельчан, погибших на фронтах Великой Отечественной войны",,неизвестно,75,75,0,"ЖКХ Владиславовского сельского совета Р. Крым, Кировский район с. Владиславовка, ул. 30 лет Победы, 1",https://obd-memorial.ru/html/info.htm?id=33123922,2026-10-10
33118345,Россия,Республика Крым,82-21/2014,"г. Алушта, старое гражданское городское кладбище",,"Алушта, городское кладбище",__.__.1953,__.__.1953,братская могила (ВОВ),,1,86,2,84,Исполком г. Алушта №214 АР,https://obd-memorial.ru/html/info.htm?id=33118345,2026-10-10
33119701,Россия,Республика Крым,82-152/2014,"г. Евпатория, ул. Эскадронная, старое городское кладбище",,,__.__.1941,__.__.1947,одиночные и братские могилы советских воинов,,неизвестно,58,58,0,Администрация г. Евпатории Республики Крым,https://obd-memorial.ru/html/info.htm?id=33119701,2026-10-10
1158561147,Россия,Республика Крым,82-429/2014,"Бахчисарайский р-н, г. Бахчисарай, ул. Речная, 133",,,__.__.1918,__.__.1918,братская могила,удовлетворительное,1,13,,13,Государственное бюджетное учреждение Республики Крым Бахчисарайский историко-культурный и архелогический музей-заповедник,https://obd-memorial.ru/html/info.htm?id=1158561147,2026-10-10
33123767,Россия,Республика Крым,82-298/2014,"Кировский р-н, г. Старый Крым, южная окраина, у горы Бакаташ",,,__.__.1942,__.__.1942,воинское захоронение - братская могила советских воинов,,1,65,0,65,"Первомайский сельский совет Кировского района Республики Крым, 297323 Республика Крым, Кировский район, с. Первомайское, ул. Курортная, 1",https://obd-memorial.ru/html/info.htm?id=33123767,2026-10-10
33118350,Россия,Республика Крым,82-22/2014,"г. Алушта, дорога Алушта-Симферополь, 4 км, 200 м юго-западнее троллейбусного парка, р. Демерджи, левый берег, вне кладбища",,,09.12.1941,09.12.1941,братская могила (ВОВ),,1,16,12,4,Исполком №212 АР,https://obd-memorial.ru/html/info.htm?id=33118350,2026-10-10
1158561682,Россия,Республика Крым,82-435/2014,"Бахчисарайский р-н, г. Бахчисарай, ул. Речная, 133",,,__.__.2017,__.__.2017,могила,удовлетворительное,1,1,1,,Государственное бюджетное учреждение Республики Крым Бахчисарайский историко-культурный и архелогический музей-заповедник,https://obd-memorial.ru/html/info.htm?id=1158561682,2026-10-10
1167839650,Россия,Республика Крым,82-457,"Ленинский р-н, с. Заветное, ул. Коренкова, 1, Заветненское воинское мемориальное кладбище",,"Ак-Монайские позиции, с. Бондаренково, окрестности, с. Глазовка, окрестности, Турецкий вал",__.__.1941,__.__.1944,воинское кладбище,хорошее,,222,16,206,Администрация Заветненского сельского поселения Ленинского района Республики Крым,https://obd-memorial.ru/html/info.htm?id=1167839650,2026-10-10
33123214,Россия,Республика Крым,82-222/2014,"Первомайский р-н, Крестьяновский с/с, с. Крестьяновка, парковая зона в центре села",,,__.__.1979,__.__.1979,памятник истории - братская могила советских воинов,,1,0,0,0,"Крестьяновсеий сельский Дом культуры, с. Крестьяновка, ул. Гагарина, 34, Первомайский район, Республика Крым",https://obd-memorial.ru/html/info.htm?id=33123214,2026-10-10
33118327,Россия,Республика Крым,82-17/2014,"г. Алушта, старое городское гражданское кладбище",,,21.11.1941,21.11.1941,одиночная могила (ВОВ),,1,1,1,0,,https://obd-memorial.ru/html/info.htm?id=33118327,2026-10-10
2005950878,Россия,Республика Крым,82-246/2023,"Советский р-н, с.п. Ильичевское, с. Надежда, кладбище",,,,,могила,удовлетворительное,1,1,1,,"МБУО ""Ильичевская средняя школа"" Советского р-на Республики Крым",https://obd-memorial.ru/html/info.htm?id=2005950878,2026-10-10
33118320,Россия,Республика Крым,82-16/2014,"г. Алушта, ул. Ленина, 22, вне кладбища",,,15.04.1944,15.04.1944,братская могила (ВОВ),,1,19,4,15,Исполком г. Алушта №211 АР,https://obd-memorial.ru/html/info.htm?id=33118320,2026-10-10
33123206,Россия,Республика Крым,82-220/2014,"Первомайский р-н, Сусанинский с/с, с. Ровное",,"с. Ровное, окрестности",05.09.1969,05.09.1969,памятник истории - братская могила советскому солдату ВОВ 1941-1945 гг.,,1,5,0,5,"Сусанинская ОШ. Республика Крым, Первомайский район, с. Сусанино, ул. Молодежная",https://obd-memorial.ru/html/info.htm?id=33123206,2026-10-10
33123220,Россия,Республика Крым,82-224,"Первомайский р-н, Степновский с/с, с. Степное, центр села",,,,,"памятный знак односельчан, в честь воинов, которые погибли на фронтах Великой Отечественной войны",,1,0,0,0,"Степновская общеобразовательная школа. Республика Крым, Первомайский р-н, с. Степное",https://obd-memorial.ru/html/info.htm?id=33123220,2026-10-10
33123210,Россия,Республика Крым,82-221/2014,"Первомайский р-н, Сусанинский с/с, с. Сусанино, сельское кладбище",,"с. Сусанино, окрестности",__.__.1953,__.__.1954,памятник истории - братская могила советскому солдату ВОВ 1941-1945 гг.,,1,6,0,6,"Сусанинская ОШ. Республика Крым, Первомайский р-н, с. Сусанино, ул. Молодежная",https://obd-memorial.ru/html/info.htm?id=33123210,2026-10-10
1161514818,Россия,Республика Крым,82-447/2014,"г. Симферополь, пр. Кирова, гражданское кладбище",,,__.__.1944,__.__.1944,братская могила,исправное,1,3,1,2,Муниципальное бюджетное учреждение Город муниципального образования г.о. Симферополь Республики Крым,https://obd-memorial.ru/html/info.htm?id=1161514818,2026-10-10
33119284,Россия,Республика Крым,82-100/2014,"Джанкойский р-н, Масловский с/с, с. Маслово",,,__.__.1945,__.__.1945,"памятник истории, братская могила советских воинов",,1,4,1,3,"Масловский сельский совет, Джанкойский р-н, Р. Крым",https://obd-memorial.ru/html/info.htm?id=33119284,2026-10-10
33123217,Россия,Республика Крым,82-223/2014,"Первомайский р-н, Правдовский с/с, с. Матвеевка, 1,4 км к западу от села",,,,,братская могила жертв фашизма,,1,неизвестно,неизвестно,неизвестно,"Правдовская средняя ОШ, с. Правда, ул. Школьная, 1, Первомайский район, Республика Крым",https://obd-memorial.ru/html/info.htm?id=33123217,2026-10-10
33123882,Россия,Республика Крым,82-312/2014,"Кировский р-н, Приветненский с/с, с. Приветное, ул. Трудовая",,,,,"мемориальное сооружение, могила",,неизвестно,3,0,3,"Республика Крым, Кировский район, Приветненский сельский совет, с. Приветное, ул. Трудовая, 15",https://obd-memorial.ru/html/info.htm?id=33123882,2026-10-10
33123695,Россия,Республика Крым,82-293/2014,"Кировский р-н, за г. Старый Крым, шоссе Симферополь-Феодосия, 82 км (поворот на ЛОК ""Лесная поляна"")",,,__.__.1944,__.__.1965,воинское захоронение - братская могила партизан,,1,неизвестно,6,неизвестно,"Первомайский сельский совет Кировского района Республики Крым, 297323 Республика Крым, Кировский район, с. Первомайское, ул. Курортная, 1",https://obd-memorial.ru/html/info.htm?id=33123695,2026-10-10
33123760,Россия,Республика Крым,82-296/2014,"Кировский р-н, с. Изюмовка",,,__.__.1941,__.__.1942,воинское захоронение - братская могила советских воинов,,1,неизвестно,неизвестно,неизвестно,"Первомайский сельский совет Кировского района Республики Крым, 297323 Республика Крым, Кировский район, с. Первомайское, ул. Курортная, 1",https://obd-memorial.ru/html/info.htm?id=33123760,2026-10-10
33123824,Россия,Республика Крым,82-310/2014,"Кировский р-н, г. Старый Крым, ул. Ленина, городской сквер",,,__.__.1941,__.__.1944,группа могил партизан и мирных жителей,,неизвестно,44,44,0,"Коммунальное предприятие ""Старокрымский коммунальник""",https://obd-memorial.ru/html/info.htm?id=33123824,2026-10-10
1161514870,Россия,Республика Крым,82-452/2014,"г. Симферополь, ул. Беспалова, Петровское кладбище",,,__.__.1944,__.__.1944,индивидуальная могила,исправное,1,1,1,,Муниципальное бюджетное учреждение Город муниципального образования г.о. Симферополь Республики Крым,https://obd-memorial.ru/html/info.htm?id=1161514870,2026-10-10
33118251,Россия,Республика Крым,82-4/2014,"Изобильненский с/с, на холме слева от нижней дороги г. Алушта - с. Верхняя Кутузовка",,,,,братская могила (ВОВ),,1,2,0,2,Исполком г. Алушта (Изобильненский с/с),https://obd-memorial.ru/html/info.htm?id=33118251,2026-10-10
33123165,Россия,Республика Крым,82-216/2014,"Первомайский р-н, Кормовской с/с, с. Кормовое, сельское кладбище",,,__.__.1944,__.__.1944,памятник истории - братская могила советских воинов,,1,23,21,2,"Кормовская общеобразовательная школа. Республика Крым, Первомайский р-н, с. Кормовое, ул. Виноградная, 1-д",https://obd-memorial.ru/html/info.htm?id=33123165,2026-10-10
1158561675,Россия,Республика Крым,82-433/2014,"Бахчисарайский р-н, г. Бахчисарай, ул. Речная, 133",,,__.__.1944,__.__.1944,могила,удовлетворительное,1,1,1,,Государственное бюджетное учреждение Республики Крым Бахчисарайский историко-культурный и архелогический музей-заповедник,https://obd-memorial.ru/html/info.htm?id=1158561675,2026-10-10
33123811,Россия,Республика Крым,82-307/2014,"г. Старый Крым, гражданское кладбище",,,__.__.1941,__.__.1944,братская могила жертв фашизма,,1,неизвестно,3,неизвестно,"Коммунальное предприятие ""Старокрымский коммунальник""",https://obd-memorial.ru/html/info.htm?id=33123811,2026-10-10
33118312,Россия,Республика Крым,82-14/2014,"г. Алушта, Крымский природный заповедник",,,,,одиночная могила (ВОВ),,1,1,1,0,Исполком г. Алушта №3084 АР,https://obd-memorial.ru/html/info.htm?id=33118312,2026-10-10
33123763,Россия,Республика Крым,82-297/2014,"Кировский р-н, Первомайский с/с, с. Изобильное, ул. Пушкина",,,__.__.1941,__.__.1944,воинское захоронение - братская могила советских воинов,,1,12,1,11,"Первомайский сельский совет Кировского района Республики Крым, 297323 Республика Крым, Кировский район, с. Первомайское, ул. Курортная, 1",https://obd-memorial.ru/html/info.htm?id=33123763,2026-10-10
33118277,Россия,Республика Крым,82-8/2014,"г. Алушта, Приморский парк, вне кладбища",,"г. Кастель, южный склон",__.02.1945,__.02.1945,братская могила (ВОВ),,1,2,2,0,Исполком г. Алушта №211 АР,https://obd-memorial.ru/html/info.htm?id=33118277,2026-10-10
33119412,Россия,Республика Крым,82-109/2014,"Джанкойский р-н, Крымковский с/с, с. Крымка",,,11.04.1944,11.04.1944,"памятник истории, могила неизвестного советского воина-танкиста",,1,1,0,1,"Крымковский сельский совет. Р. Крым Джанкойский район, с. Крымка. Памятник принят в коммунальную собственность Крымковским сельским советом",https://obd-memorial.ru/html/info.htm?id=33119412,2026-10-10
33125828,Россия,Республика Крым,82-417/2014,"Ленинский р-н, с. Дорошенково",,,__.__.1948,__.__.1960,братская могила советских воинов,удовлетворительное,1,3,0,3,"Исполнительный комитет Ленинского сельского совета Ленинского района Республики Крым. 298232, с. Ленинское, ул. Школьная, 9",https://obd-memorial.ru/html/info.htm?id=33125828,2026-10-10
2005950864,Россия,Республика Крым,82-461,"Советский р-н, с.п. Урожайновское, техникум гидромелиорации и механизации КФУ им. В.И. Вернадского, севернее, 1 км",,,,,братская могила,удовлетворительное,1,более 100,,более 100,Советский р/с Республики Крым,https://obd-memorial.ru/html/info.htm?id=2005950864,2026-10-10
33118316,Россия,Республика Крым,82-15/2014,"г. Алушта, Маломаякский с/с, с. Малый Маяк, гражданское кладбище, южная окраина",,"с. М. Маяк, севернее, гора Бабуган",__.__.1950,__.__.1950,братская могила советских летчиков,,1,3,0,3,Исполком г. Алушта №223 АР,https://obd-memorial.ru/html/info.htm?id=33118316,2026-10-10
2005950895,Россия,Республика Крым,82-252/2023,"Советский р-н, с.п. Чапаевское, с. Чапаевка, кладбище",,,,,братская могила,удовлетворительное,1,90,,90,"МБУО ""Чапаевская средняя школа"" Советского р-на Республики Крым",https://obd-memorial.ru/html/info.htm?id=2005950895,2026-10-10
33123246,Россия,Республика Крым,82-230/2014,"Нижнегорский р-н, Чкаловский с/с, с. Луговое, сельское кладбище",,кан. Северо-Крымский,__.__.1960,__.__.1960,могила с временным надгробием,,1,1,1,0,"Чкаловский сельский совет, Нижегорского района, Республики Крым",https://obd-memorial.ru/html/info.htm?id=33123246,2026-10-10